[
  {
    "brand": "Ford",
    "name": "United Ford",
    "address": "290 Secaucus Road Secaucus, NJ 07094",
    "city": "",
    "state": "",
    "zip_code": "",
    "phone": "(201) 255-7119",
    "website": "",
    "dealer_type": "Standard",
    "distance_miles": "3.48",
    "search_zip": "10001",
    "scrape_date": "2026-01-30 13:49:03"
  },
  {
    "brand": "Ford",
    "name": "Starks Ford of Queens",
    "address": "57-15 Northern Boulevard Woodside, NY 11377",
    "city": "",
    "state": "",
    "zip_code": "",
    "phone": "(332) 222-6530",
    "website": "",
    "dealer_type": "Standard",
    "distance_miles": "5.12",
    "search_zip": "10001",
    "scrape_date": "2026-01-30 13:49:03"
  },
  {
    "brand": "Ford",
    "name": "Steven's Jersey City Ford",
    "address": "740 Route 440 Jersey City, NJ 07304",
    "city": "",
    "state": "",
    "zip_code": "",
    "phone": "(201) 479-0105",
    "website": "",
    "dealer_type": "Standard",
    "distance_miles": "5.29",
    "search_zip": "10001",
    "scrape_date": "2026-01-30 13:49:03"
  },
  {
    "brand": "Ford",
    "name": "Quality Auto Mall",
    "address": "55 State Highway #17 Rutherford, NJ 07070",
    "city": "",
    "state": "",
    "zip_code": "",
    "phone": "(201) 514-1379",
    "website": "",
    "dealer_type": "Standard",
    "distance_miles": "6.94",
    "search_zip": "10001",
    "scrape_date": "2026-01-30 13:49:03"
  },
  {
    "brand": "Ford",
    "name": "Ford of Englewood, Inc.",
    "address": "40 Van Nostrand Avenue Englewood, NJ 07631",
    "city": "",
    "state": "",
    "zip_code": "",
    "phone": "(201) 578-5566",
    "website": "",
    "dealer_type": "Standard",
    "distance_miles": "8.79",
    "search_zip": "10001",
    "scrape_date": "2026-01-30 13:49:03"
  },
  {
    "brand": "Ford",
    "name": "Premier Ford Inc",
    "address": "5001 Glenwood Road Brooklyn, NY 11234",
    "city": "",
    "state": "",
    "zip_code": "",
    "phone": "(332) 222-9077",
    "website": "",
    "dealer_type": "Standard",
    "distance_miles": "9.08",
    "search_zip": "10001",
    "scrape_date": "2026-01-30 13:49:03"
  },
  {
    "brand": "Ford",
    "name": "Premier Ford of Bay Ridge",
    "address": "152 58th Street Brooklyn, NY 11220",
    "city": "",
    "state": "",
    "zip_code": "",
    "phone": "(332) 223-5218",
    "website": "",
    "dealer_type": "Standard",
    "distance_miles": "9.41",
    "search_zip": "10001",
    "scrape_date": "2026-01-30 13:49:03"
  },
  {
    "brand": "Ford",
    "name": "All American Ford Inc",
    "address": "520 River Street Hackensack, NJ 07601",
    "city": "",
    "state": "",
    "zip_code": "",
    "phone": "(201) 470-4746",
    "website": "",
    "dealer_type": "Standard",
    "distance_miles": "9.91",
    "search_zip": "10001",
    "scrape_date": "2026-01-30 13:49:03"
  },
  {
    "brand": "Ford",
    "name": "City World Ford",
    "address": "3305 Boston Road Bronx, NY 10469",
    "city": "",
    "state": "",
    "zip_code": "",
    "phone": "(347) 899-2009",
    "website": "",
    "dealer_type": "Standard",
    "distance_miles": "11.32",
    "search_zip": "10001",
    "scrape_date": "2026-01-30 13:49:03"
  },
  {
    "brand": "Ford",
    "name": "Fette Ford",
    "address": "1137 Route 46 East Clifton, NJ 07013",
    "city": "",
    "state": "",
    "zip_code": "",
    "phone": "(862) 281-6094",
    "website": "",
    "dealer_type": "Standard",
    "distance_miles": "12.45",
    "search_zip": "10001",
    "scrape_date": "2026-01-30 13:49:03"
  },
  {
    "brand": "Ford",
    "name": "Paramus Ford, Inc.",
    "address": "375 Route 17 Paramus, NJ 07652",
    "city": "",
    "state": "",
    "zip_code": "",
    "phone": "(201) 350-8443",
    "website": "",
    "dealer_type": "Standard",
    "distance_miles": "13.78",
    "search_zip": "10001",
    "scrape_date": "2026-01-30 13:49:03"
  },
  {
    "brand": "Ford",
    "name": "Gabrielli Truck Sales",
    "address": "181-25 Eastern Road Jamaica, NY 11430",
    "city": "",
    "state": "",
    "zip_code": "",
    "phone": "(718) 487-9307",
    "website": "",
    "dealer_type": "Standard",
    "distance_miles": "13.99",
    "search_zip": "10001",
    "scrape_date": "2026-01-30 13:49:03"
  },
  {
    "brand": "Ford",
    "name": "Tasca Ford Yonkers",
    "address": "900 Central Avenue Yonkers, NY 10704",
    "city": "",
    "state": "",
    "zip_code": "",
    "phone": "(914) 222-0959",
    "website": "",
    "dealer_type": "Standard",
    "distance_miles": "14.51",
    "search_zip": "10001",
    "scrape_date": "2026-01-30 13:49:03"
  },
  {
    "brand": "Ford",
    "name": "Biener Ford",
    "address": "661 Northern Blvd. Great Neck, NY 11021",
    "city": "",
    "state": "",
    "zip_code": "",
    "phone": "(516) 689-0002",
    "website": "",
    "dealer_type": "Standard",
    "distance_miles": "15.14",
    "search_zip": "10001",
    "scrape_date": "2026-01-30 13:49:03"
  },
  {
    "brand": "Ford",
    "name": "Dana Ford",
    "address": "266 West Service Road Staten Island, NY 10314",
    "city": "",
    "state": "",
    "zip_code": "",
    "phone": "(332) 222-8685",
    "website": "",
    "dealer_type": "Standard",
    "distance_miles": "15.3",
    "search_zip": "10001",
    "scrape_date": "2026-01-30 13:49:03"
  },
  {
    "brand": "Ford",
    "name": "Maplecrest Ford of Union",
    "address": "2800 Springfield Avenue Vauxhall, NJ 07088",
    "city": "",
    "state": "",
    "zip_code": "",
    "phone": "(908) 623-4277",
    "website": "",
    "dealer_type": "Standard",
    "distance_miles": "15.57",
    "search_zip": "10001",
    "scrape_date": "2026-01-30 13:49:03"
  },
  {
    "brand": "Ford",
    "name": "Wayne Ford",
    "address": "444 Route 46 Wayne, NJ 07470",
    "city": "",
    "state": "",
    "zip_code": "",
    "phone": "(862) 904-8562",
    "website": "",
    "dealer_type": "Standard",
    "distance_miles": "15.97",
    "search_zip": "10001",
    "scrape_date": "2026-01-30 13:49:03"
  },
  {
    "brand": "Ford",
    "name": "Verner-Cadby Inc",
    "address": "1240 Bloomfield Av Fairfield, NJ 07004",
    "city": "",
    "state": "",
    "zip_code": "",
    "phone": "(862) 348-2568",
    "website": "",
    "dealer_type": "Standard",
    "distance_miles": "17.93",
    "search_zip": "10001",
    "scrape_date": "2026-01-30 13:49:03"
  },
  {
    "brand": "Ford",
    "name": "Crown Ford Inc",
    "address": "420 Merrick Rd Lynbrook, NY 11563",
    "city": "",
    "state": "",
    "zip_code": "",
    "phone": "(516) 202-9766",
    "website": "",
    "dealer_type": "Standard",
    "distance_miles": "18.27",
    "search_zip": "10001",
    "scrape_date": "2026-01-30 13:49:03"
  },
  {
    "brand": "Ford",
    "name": "Salerno Duane Ford, L.L.C.",
    "address": "245 Broad Street Summit, NJ 07901",
    "city": "",
    "state": "",
    "zip_code": "",
    "phone": "(908) 516-3036",
    "website": "",
    "dealer_type": "Standard",
    "distance_miles": "18.53",
    "search_zip": "10001",
    "scrape_date": "2026-01-30 13:49:03"
  },
  {
    "brand": "Ford",
    "name": "Scarsdale Ford",
    "address": "887 Central Avenue Scarsdale, NY 10583",
    "city": "",
    "state": "",
    "zip_code": "",
    "phone": "(914) 521-4703",
    "website": "",
    "dealer_type": "Standard",
    "distance_miles": "19.03",
    "search_zip": "10001",
    "scrape_date": "2026-01-30 13:49:03"
  },
  {
    "brand": "Ford",
    "name": "Woodbridge Ford",
    "address": "1200 Route 27 Colonia, NJ 07067",
    "city": "",
    "state": "",
    "zip_code": "",
    "phone": "(732) 540-1896",
    "website": "",
    "dealer_type": "Standard",
    "distance_miles": "19.15",
    "search_zip": "10001",
    "scrape_date": "2026-01-30 13:49:03"
  },
  {
    "brand": "Ford",
    "name": "Hempstead Ford",
    "address": "301 N. Franklin Hempstead, NY 11550",
    "city": "",
    "state": "",
    "zip_code": "",
    "phone": "(516) 202-9650",
    "website": "",
    "dealer_type": "Standard",
    "distance_miles": "19.57",
    "search_zip": "10001",
    "scrape_date": "2026-01-30 13:49:03"
  }
]