[
  {
    "brand": "Ford",
    "name": "Watertown Ford, Inc.",
    "address": "625 Pleasant Street Watertown, MA 02472",
    "city": "",
    "state": "",
    "zip_code": "",
    "phone": "(617) 518-4684",
    "website": "",
    "dealer_type": "Standard",
    "distance_miles": "4.17",
    "search_zip": "02134",
    "scrape_date": "2026-01-30 13:48:38"
  },
  {
    "brand": "Ford",
    "name": "Sentry Ford",
    "address": "4100 Mystic Valley Parkway Medford, MA 02155",
    "city": "",
    "state": "",
    "zip_code": "",
    "phone": "(617) 410-8858",
    "website": "",
    "dealer_type": "Standard",
    "distance_miles": "4.31",
    "search_zip": "02134",
    "scrape_date": "2026-01-30 13:48:38"
  },
  {
    "brand": "Ford",
    "name": "Bonnell Motors, Inc.",
    "address": "353 Cambridge Street Winchester, MA 01890",
    "city": "",
    "state": "",
    "zip_code": "",
    "phone": "(617) 420-2863",
    "website": "",
    "dealer_type": "Standard",
    "distance_miles": "7.32",
    "search_zip": "02134",
    "scrape_date": "2026-01-30 13:48:38"
  },
  {
    "brand": "Ford",
    "name": "McGovern Ford",
    "address": "1481 Broadway Saugus, MA 01906",
    "city": "",
    "state": "",
    "zip_code": "",
    "phone": "(339) 338-4629",
    "website": "",
    "dealer_type": "Standard",
    "distance_miles": "8.96",
    "search_zip": "02134",
    "scrape_date": "2026-01-30 13:48:38"
  },
  {
    "brand": "Ford",
    "name": "Stoneham Motor Co Inc",
    "address": "185 Main St Stoneham, MA 02180",
    "city": "",
    "state": "",
    "zip_code": "",
    "phone": "(617) 420-1693",
    "website": "",
    "dealer_type": "Standard",
    "distance_miles": "9.43",
    "search_zip": "02134",
    "scrape_date": "2026-01-30 13:48:38"
  },
  {
    "brand": "Ford",
    "name": "Quirk Ford",
    "address": "540 Southern Artery Quincy, MA 02169",
    "city": "",
    "state": "",
    "zip_code": "",
    "phone": "(617) 752-1998",
    "website": "",
    "dealer_type": "Standard",
    "distance_miles": "9.91",
    "search_zip": "02134",
    "scrape_date": "2026-01-30 13:48:38"
  },
  {
    "brand": "Ford",
    "name": "Herb Chambers Ford Braintree",
    "address": "75 Granite St Braintree, MA 02184",
    "city": "",
    "state": "",
    "zip_code": "",
    "phone": "(617) 752-3596",
    "website": "",
    "dealer_type": "Standard",
    "distance_miles": "10.21",
    "search_zip": "02134",
    "scrape_date": "2026-01-30 13:48:38"
  },
  {
    "brand": "Ford",
    "name": "Jack Madden Ford Sales Inc",
    "address": "825 Providence Norwood, MA 02062",
    "city": "",
    "state": "",
    "zip_code": "",
    "phone": "(781) 269-6017",
    "website": "",
    "dealer_type": "Standard",
    "distance_miles": "11.98",
    "search_zip": "02134",
    "scrape_date": "2026-01-30 13:48:38"
  },
  {
    "brand": "Ford",
    "name": "Acton Ford Inc",
    "address": "76 Powdermill Road, Route 62 Acton, MA 01720",
    "city": "",
    "state": "",
    "zip_code": "",
    "phone": "(978) 331-0148",
    "website": "",
    "dealer_type": "Standard",
    "distance_miles": "16.41",
    "search_zip": "02134",
    "scrape_date": "2026-01-30 13:48:38"
  },
  {
    "brand": "Ford",
    "name": "McGovern Ford of Framingham",
    "address": "1200 Worcester Rd Framingham, MA 01702",
    "city": "",
    "state": "",
    "zip_code": "",
    "phone": "(877) 624-1344",
    "website": "",
    "dealer_type": "Standard",
    "distance_miles": "16.54",
    "search_zip": "02134",
    "scrape_date": "2026-01-30 13:48:38"
  },
  {
    "brand": "Ford",
    "name": "Danvers Motor Co Inc",
    "address": "106 Sylvan St Danvers, MA 01923",
    "city": "",
    "state": "",
    "zip_code": "",
    "phone": "(978) 716-5977",
    "website": "",
    "dealer_type": "Standard",
    "distance_miles": "16.87",
    "search_zip": "02134",
    "scrape_date": "2026-01-30 13:48:38"
  },
  {
    "brand": "Ford",
    "name": "Minuteman Trucks, Inc.",
    "address": "2181 Providence Highway Walpole, MA 02081",
    "city": "",
    "state": "",
    "zip_code": "",
    "phone": "(508) 668-3112",
    "website": "",
    "dealer_type": "Standard",
    "distance_miles": "2.",
    "search_zip": "02134",
    "scrape_date": "2026-01-30 13:48:38"
  },
  {
    "brand": "Ford",
    "name": "Rodman Ford Sales Inc",
    "address": "45 Washington Street Foxboro, MA 02035",
    "city": "",
    "state": "",
    "zip_code": "",
    "phone": "(774) 300-3094",
    "website": "",
    "dealer_type": "Standard",
    "distance_miles": "18.98",
    "search_zip": "02134",
    "scrape_date": "2026-01-30 13:48:38"
  },
  {
    "brand": "Ford",
    "name": "McGovern Ford of Beverly",
    "address": "420 Cabot Street Beverly, MA 01915",
    "city": "",
    "state": "",
    "zip_code": "",
    "phone": "(351) 223-4036",
    "website": "",
    "dealer_type": "Standard",
    "distance_miles": "19.11",
    "search_zip": "02134",
    "scrape_date": "2026-01-30 13:48:38"
  },
  {
    "brand": "Ford",
    "name": "Jannell Motors Inc",
    "address": "2000 Washington Street, Route 53 Hanover, MA 02339",
    "city": "",
    "state": "",
    "zip_code": "",
    "phone": "(781) 610-3427",
    "website": "",
    "dealer_type": "Standard",
    "distance_miles": "20.04",
    "search_zip": "02134",
    "scrape_date": "2026-01-30 13:48:38"
  },
  {
    "brand": "Ford",
    "name": "Colonial Ford of Marlboro",
    "address": "428 Maple Street Marlborough, MA 01752",
    "city": "",
    "state": "",
    "zip_code": "",
    "phone": "(508) 786-8061",
    "website": "",
    "dealer_type": "Standard",
    "distance_miles": "20.88",
    "search_zip": "02134",
    "scrape_date": "2026-01-30 13:48:38"
  },
  {
    "brand": "Ford",
    "name": "McGovern Ford at Drum Hill",
    "address": "1212 Westford Road Lowell, MA 01851",
    "city": "",
    "state": "",
    "zip_code": "",
    "phone": "(978) 323-1058",
    "website": "",
    "dealer_type": "Standard",
    "distance_miles": "22.14",
    "search_zip": "02134",
    "scrape_date": "2026-01-30 13:48:38"
  },
  {
    "brand": "Ford",
    "name": "Franklin Ford",
    "address": "175 East Central Street Franklin, MA 02038",
    "city": "",
    "state": "",
    "zip_code": "",
    "phone": "(774) 613-6160",
    "website": "",
    "dealer_type": "Standard",
    "distance_miles": "22.98",
    "search_zip": "02134",
    "scrape_date": "2026-01-30 13:48:38"
  },
  {
    "brand": "Ford",
    "name": "Gervais Inc",
    "address": "5 Littleton Road Ayer, MA 01432",
    "city": "",
    "state": "",
    "zip_code": "",
    "phone": "(978) 588-1278",
    "website": "",
    "dealer_type": "Standard",
    "distance_miles": "26.24",
    "search_zip": "02134",
    "scrape_date": "2026-01-30 13:48:38"
  },
  {
    "brand": "Ford",
    "name": "Herb Chambers Ford Westborough",
    "address": "310 Turnpike Road Westborough, MA 01581",
    "city": "",
    "state": "",
    "zip_code": "",
    "phone": "(774) 399-6078",
    "website": "",
    "dealer_type": "Standard",
    "distance_miles": "26.97",
    "search_zip": "02134",
    "scrape_date": "2026-01-30 13:48:38"
  },
  {
    "brand": "Ford",
    "name": "Imperial Ford",
    "address": "8 Uxbridge Rd. Mendon, MA 01756",
    "city": "",
    "state": "",
    "zip_code": "",
    "phone": "(774) 448-2212",
    "website": "",
    "dealer_type": "Standard",
    "distance_miles": "27.96",
    "search_zip": "02134",
    "scrape_date": "2026-01-30 13:48:38"
  },
  {
    "brand": "Ford",
    "name": "Salem Ford",
    "address": "60 South Broadway Salem, NH 03079",
    "city": "",
    "state": "",
    "zip_code": "",
    "phone": "(603) 685-3152",
    "website": "",
    "dealer_type": "Standard",
    "distance_miles": "29.58",
    "search_zip": "02134",
    "scrape_date": "2026-01-30 13:48:38"
  },
  {
    "brand": "Ford",
    "name": "Autofair Ford of Haverhill",
    "address": "501 Broadway Haverhill, MA 01832",
    "city": "",
    "state": "",
    "zip_code": "",
    "phone": "(978) 361-1021",
    "website": "",
    "dealer_type": "Standard",
    "distance_miles": "29.76",
    "search_zip": "02134",
    "scrape_date": "2026-01-30 13:48:38"
  },
  {
    "brand": "Ford",
    "name": "Grieco Ford",
    "address": "1651 New State Highway Raynham, MA 02767",
    "city": "",
    "state": "",
    "zip_code": "",
    "phone": "(774) 406-2873",
    "website": "",
    "dealer_type": "Standard",
    "distance_miles": "31.77",
    "search_zip": "02134",
    "scrape_date": "2026-01-30 13:48:38"
  }
]